"","Sp.id","nit","temp","id","r.exp"
"1","Synechococcus",1,15,"2.1",-0.156084471537526
"2","Synechococcus",1,15,"2.2",0.0403489310102268
"3","Synechococcus",1,20,"1.1",0.00144201052112194
"4","Synechococcus",1,20,"1.2",-0.069959770304727
"5","Synechococcus",1,20,"2.3",-0.0290116572582643
"6","Synechococcus",1,20,"2.4",0.0554151274721899
"7","Synechococcus",1,25,"1.1",-0.00825757238076007
"8","Synechococcus",1,25,"1.2",-0.00311436102899624
"9","Synechococcus",1,30,"2.1",0.0157019086562796
"10","Synechococcus",1,30,"2.2",0.0882834816617969
"11","Synechococcus",1,35,"2.1",-0.0128588224389346
"12","Synechococcus",1,35,"2.2",-0.142958760906692
"13","Synechococcus",2,15,"2.1",-0.00267191554887521
"14","Synechococcus",2,15,"2.2",-0.118831296698936
"15","Synechococcus",2,20,"1.1",0.0537239929992284
"16","Synechococcus",2,20,"1.2",0.0441506417681798
"17","Synechococcus",2,20,"2.3",-0.171747717808101
"18","Synechococcus",2,20,"2.4",-0.0948767179451819
"19","Synechococcus",2,25,"1.1",-0.194914659442612
"20","Synechococcus",2,25,"1.2",0.0103114604112487
"21","Synechococcus",2,30,"2.1",-0.119292964772278
"22","Synechococcus",2,30,"2.2",-0.0435936623723538
"23","Synechococcus",2,35,"2.1",-0.157763155340793
"24","Synechococcus",2,35,"2.2",0.252370657757195
"25","Synechococcus",4,15,"2.1",-0.0662637625735672
"26","Synechococcus",4,15,"2.2",0.368037947580666
"27","Synechococcus",4,20,"1.1",-0.0750072050078496
"28","Synechococcus",4,20,"1.2",-0.0195116356906908
"29","Synechococcus",4,20,"2.3",0.0901884617178897
"30","Synechococcus",4,20,"2.4",0.046707573724132
"31","Synechococcus",4,25,"1.1",-0.0287274422183818
"32","Synechococcus",4,25,"1.2",0.214791512605243
"33","Synechococcus",4,30,"2.1",-0.0088498287561588
"34","Synechococcus",4,30,"2.2",0.271862776078043
"35","Synechococcus",4,35,"2.1",NA
"36","Synechococcus",4,35,"2.2",0.484382722028379
"37","Synechococcus",10,15,"2.1",0.071602864052707
"38","Synechococcus",10,15,"2.2",0.0829691195705919
"39","Synechococcus",10,20,"1.1",0.0545473100435806
"40","Synechococcus",10,20,"1.2",0.151276928303699
"41","Synechococcus",10,20,"2.3",0.280515827781692
"42","Synechococcus",10,20,"2.4",0.622112487977176
"43","Synechococcus",10,25,"1.1",0.0750444783184926
"44","Synechococcus",10,25,"1.2",-0.0793641341205447
"45","Synechococcus",10,30,"2.1",-0.245682450165239
"46","Synechococcus",10,30,"2.2",0.10147987069721
"47","Synechococcus",10,35,"2.1",-0.099918884291592
"48","Synechococcus",10,35,"2.2",-0.0371061848120908
"49","Synechococcus",20,15,"2.1",NA
"50","Synechococcus",20,15,"2.2",0.108532983806127
"51","Synechococcus",20,20,"1.1",-0.0336557605900612
"52","Synechococcus",20,20,"1.2",0.055597143159061
"53","Synechococcus",20,20,"2.3",NA
"54","Synechococcus",20,20,"2.4",0.123422860110881
"55","Synechococcus",20,25,"1.1",0.314946906143583
"56","Synechococcus",20,25,"1.2",-0.0738001383692845
"57","Synechococcus",20,30,"2.1",NA
"58","Synechococcus",20,30,"2.2",0.00915191039189729
"59","Synechococcus",20,35,"2.1",-0.0249263231003975
"60","Synechococcus",20,35,"2.2",0.0404533253060856
"61","Synechococcus",40,15,"2.1",0.0710782341482594
"62","Synechococcus",40,15,"2.2",0.113946745709531
"63","Synechococcus",40,20,"1.1",0.0334336156254914
"64","Synechococcus",40,20,"1.2",-0.0633766777145427
"65","Synechococcus",40,20,"2.3",0.157702214151407
"66","Synechococcus",40,20,"2.4",-0.0413980671702375
"67","Synechococcus",40,25,"1.1",0.275647028551253
"68","Synechococcus",40,25,"1.2",-0.120916022531983
"69","Synechococcus",40,30,"2.1",0.580748779307515
"70","Synechococcus",40,30,"2.2",0.032836978199679
"71","Synechococcus",40,35,"2.1",0.701976660492553
"72","Synechococcus",40,35,"2.2",0.451575545451567
"73","Synechococcus",60,15,"2.1",0.0454487568546089
"74","Synechococcus",60,15,"2.2",-0.31510566985584
"75","Synechococcus",60,20,"1.1",-0.0553202705408887
"76","Synechococcus",60,20,"1.2",-0.129508973877213
"77","Synechococcus",60,20,"2.3",0.18282243995285
"78","Synechococcus",60,20,"2.4",0.00254502084168505
"79","Synechococcus",60,25,"1.1",0.0808657556835186
"80","Synechococcus",60,25,"1.2",-0.0229251627067924
"81","Synechococcus",60,30,"2.1",-0.0239018813639917
"82","Synechococcus",60,30,"2.2",NA
"83","Synechococcus",60,35,"2.1",-0.174035571059322
"84","Synechococcus",60,35,"2.2",0.0688025948418076
"85","Synechococcus",200,15,"2.1",-0.426333868499066
"86","Synechococcus",200,15,"2.2",NA
"87","Synechococcus",200,20,"1.1",-0.0529863574952927
"88","Synechococcus",200,20,"1.2",0.0467073203002011
"89","Synechococcus",200,20,"2.3",-0.105314704337762
"90","Synechococcus",200,20,"2.4",0.580748777111961
"91","Synechococcus",200,25,"1.1",-0.0288628644628198
"92","Synechococcus",200,25,"1.2",-0.0491134586076623
"93","Synechococcus",200,30,"2.1",0.0843923035678735
"94","Synechococcus",200,30,"2.2",0.36060840910408
"95","Synechococcus",200,35,"2.1",-0.122322110991348
"96","Synechococcus",200,35,"2.2",-0.109262361140532
"97","Synechococcus",500,15,"2.1",-0.0502403120984682
"98","Synechococcus",500,15,"2.2",0.136308867745435
"99","Synechococcus",500,20,"1.1",0.210718099611881
"100","Synechococcus",500,20,"1.2",0.0985868224620026
"101","Synechococcus",500,20,"2.3",0.050987908128449
"102","Synechococcus",500,20,"2.4",0.555128503397841
"103","Synechococcus",500,25,"1.1",-0.13407869725628
"104","Synechococcus",500,25,"1.2",0.0922425273809096
"105","Synechococcus",500,30,"2.1",-0.122051759686546
"106","Synechococcus",500,30,"2.2",0.162232013929478
"107","Synechococcus",500,35,"2.1",0.430093490976533
"108","Synechococcus",500,35,"2.2",-0.019580881045245
"109","Synechococcus",1000,15,"2.1",0.283718837612918
"110","Synechococcus",1000,15,"2.2",0.309565861764292
"111","Synechococcus",1000,20,"1.1",0.550872342734655
"112","Synechococcus",1000,20,"1.2",0.426009160669991
"113","Synechococcus",1000,20,"2.3",0.446074437341528
"114","Synechococcus",1000,20,"2.4",0.918438647166291
"115","Synechococcus",1000,25,"1.1",0.560866670539233
"116","Synechococcus",1000,25,"1.2",0.573248776927794
"117","Synechococcus",1000,30,"2.1",0.119831447862881
"118","Synechococcus",1000,30,"2.2",-0.029160806973481
"119","Synechococcus",1000,35,"2.1",NA
"120","Synechococcus",1000,35,"2.2",-0.125803480381223
"121","Kirchneriella_subcapitata",1,15,"2.1",-0.283672290232332
"122","Kirchneriella_subcapitata",1,15,"2.2",0.0873873521554936
"123","Kirchneriella_subcapitata",1,20,"1.1",0.222397118211936
"124","Kirchneriella_subcapitata",1,20,"1.2",0.323768941053696
"125","Kirchneriella_subcapitata",1,20,"2.4",0.519032482461557
"126","Kirchneriella_subcapitata",1,20,"2.3",0.665690975316968
"127","Kirchneriella_subcapitata",1,25,"1.1",0.326839884140039
"128","Kirchneriella_subcapitata",1,25,"1.2",0.569901518951274
"129","Kirchneriella_subcapitata",1,30,"2.1",0.639216322249259
"130","Kirchneriella_subcapitata",1,30,"2.2",0.403206827922149
"131","Kirchneriella_subcapitata",1,35,"2.1",0.0479677831056304
"132","Kirchneriella_subcapitata",1,35,"2.2",-0.193720416478899
"133","Kirchneriella_subcapitata",2,15,"2.1",-0.0692793887937016
"134","Kirchneriella_subcapitata",2,15,"2.2",0.29752915495913
"135","Kirchneriella_subcapitata",2,20,"1.1",0.454593070361509
"136","Kirchneriella_subcapitata",2,20,"1.2",0.511647286139632
"137","Kirchneriella_subcapitata",2,20,"2.4",0.728817367160887
"138","Kirchneriella_subcapitata",2,20,"2.3",0.695247634963061
"139","Kirchneriella_subcapitata",2,25,"1.1",0.351228248659961
"140","Kirchneriella_subcapitata",2,25,"1.2",0.326333528595406
"141","Kirchneriella_subcapitata",2,30,"2.1",0.495443833361364
"142","Kirchneriella_subcapitata",2,30,"2.2",0.258284845193776
"143","Kirchneriella_subcapitata",2,35,"2.1",-0.272926468378002
"144","Kirchneriella_subcapitata",2,35,"2.2",-0.181319993511601
"145","Kirchneriella_subcapitata",4,15,"2.1",-0.0482411873026193
"146","Kirchneriella_subcapitata",4,15,"2.2",-0.14839933435688
"147","Kirchneriella_subcapitata",4,20,"1.1",0.0957832222082379
"148","Kirchneriella_subcapitata",4,20,"1.2",0.174389773743975
"149","Kirchneriella_subcapitata",4,20,"2.4",0.455373172287491
"150","Kirchneriella_subcapitata",4,20,"2.3",0.350825094712874
"151","Kirchneriella_subcapitata",4,25,"1.1",0.196776948120466
"152","Kirchneriella_subcapitata",4,25,"1.2",0.176949334163331
"153","Kirchneriella_subcapitata",4,30,"2.1",0.532366976409337
"154","Kirchneriella_subcapitata",4,30,"2.2",0.397314603517221
"155","Kirchneriella_subcapitata",4,35,"2.1",0.0776349189811635
"156","Kirchneriella_subcapitata",4,35,"2.2",-0.013791359521484
"157","Kirchneriella_subcapitata",10,15,"2.1",-0.0857191913287101
"158","Kirchneriella_subcapitata",10,15,"2.2",0.395643546184806
"159","Kirchneriella_subcapitata",10,20,"1.1",0.23263536227336
"160","Kirchneriella_subcapitata",10,20,"1.2",0.30819788816783
"161","Kirchneriella_subcapitata",10,20,"2.4",0.517006318969904
"162","Kirchneriella_subcapitata",10,20,"2.3",0.53095576873878
"163","Kirchneriella_subcapitata",10,25,"1.1",0.275832633165929
"164","Kirchneriella_subcapitata",10,25,"1.2",0.179329687647644
"165","Kirchneriella_subcapitata",10,30,"2.1",0.101290786227837
"166","Kirchneriella_subcapitata",10,30,"2.2",-0.180449634722565
"167","Kirchneriella_subcapitata",10,35,"2.1",-0.0708306167285413
"168","Kirchneriella_subcapitata",10,35,"2.2",0.0633198563054501
"169","Kirchneriella_subcapitata",20,15,"2.1",-0.282369191240831
"170","Kirchneriella_subcapitata",20,15,"2.2",-0.082001131204799
"171","Kirchneriella_subcapitata",20,20,"1.1",0.222092151010526
"172","Kirchneriella_subcapitata",20,20,"1.2",0.218885420317647
"173","Kirchneriella_subcapitata",20,20,"2.4",0.405981906755072
"174","Kirchneriella_subcapitata",20,20,"2.3",0.197396375274037
"175","Kirchneriella_subcapitata",20,25,"1.1",0.382138446658897
"176","Kirchneriella_subcapitata",20,25,"1.2",0.198090095463901
"177","Kirchneriella_subcapitata",20,30,"2.1",0.469010404490713
"178","Kirchneriella_subcapitata",20,30,"2.2",0.166966334262531
"179","Kirchneriella_subcapitata",20,35,"2.1",0.0699708283668127
"180","Kirchneriella_subcapitata",20,35,"2.2",0.121345870920562
"181","Kirchneriella_subcapitata",40,15,"2.1",-0.150429077500725
"182","Kirchneriella_subcapitata",40,15,"2.2",-0.130112960812224
"183","Kirchneriella_subcapitata",40,20,"1.1",0.423508830288174
"184","Kirchneriella_subcapitata",40,20,"1.2",0.404444721528771
"185","Kirchneriella_subcapitata",40,20,"2.4",0.683729514551024
"186","Kirchneriella_subcapitata",40,20,"2.3",0.47432684116201
"187","Kirchneriella_subcapitata",40,25,"1.1",0.384842362684408
"188","Kirchneriella_subcapitata",40,25,"1.2",0.425070139157916
"189","Kirchneriella_subcapitata",40,30,"2.1",0.310229039632479
"190","Kirchneriella_subcapitata",40,30,"2.2",-0.089020404104189
"191","Kirchneriella_subcapitata",40,35,"2.1",0.263058763239439
"192","Kirchneriella_subcapitata",40,35,"2.2",NA
"193","Kirchneriella_subcapitata",60,15,"2.1",-0.215549658968489
"194","Kirchneriella_subcapitata",60,15,"2.2",0.00448690227731895
"195","Kirchneriella_subcapitata",60,20,"1.1",0.278420748903538
"196","Kirchneriella_subcapitata",60,20,"1.2",0.365408043182007
"197","Kirchneriella_subcapitata",60,20,"2.4",0.457355527585414
"198","Kirchneriella_subcapitata",60,20,"2.3",0.277498118838397
"199","Kirchneriella_subcapitata",60,25,"1.1",0.271244959811534
"200","Kirchneriella_subcapitata",60,25,"1.2",0.277630422707457
"201","Kirchneriella_subcapitata",60,30,"2.1",0.534121549689454
"202","Kirchneriella_subcapitata",60,30,"2.2",0.376807337166056
"203","Kirchneriella_subcapitata",60,35,"2.1",0.306466518911714
"204","Kirchneriella_subcapitata",60,35,"2.2",0.167814751120375
"205","Kirchneriella_subcapitata",200,15,"2.1",0.194369751908746
"206","Kirchneriella_subcapitata",200,15,"2.2",0.263964222575383
"207","Kirchneriella_subcapitata",200,20,"1.1",0.138558533441256
"208","Kirchneriella_subcapitata",200,20,"1.2",0.134393894315308
"209","Kirchneriella_subcapitata",200,20,"2.4",0.693477909905151
"210","Kirchneriella_subcapitata",200,20,"2.3",0.642300299548152
"211","Kirchneriella_subcapitata",200,25,"1.1",0.323840572287314
"212","Kirchneriella_subcapitata",200,25,"1.2",0.184615304242715
"213","Kirchneriella_subcapitata",200,30,"2.1",-0.470545941857227
"214","Kirchneriella_subcapitata",200,30,"2.2",-0.338181949445084
"215","Kirchneriella_subcapitata",200,35,"2.1",NA
"216","Kirchneriella_subcapitata",200,35,"2.2",0.365850381476689
"217","Kirchneriella_subcapitata",500,15,"2.1",-0.032991479191505
"218","Kirchneriella_subcapitata",500,15,"2.2",-0.137666676763054
"219","Kirchneriella_subcapitata",500,20,"1.1",0.283173303918002
"220","Kirchneriella_subcapitata",500,20,"1.2",0.475162833475299
"221","Kirchneriella_subcapitata",500,20,"2.4",0.509582129941783
"222","Kirchneriella_subcapitata",500,20,"2.3",0.614541193079766
"223","Kirchneriella_subcapitata",500,25,"1.1",0.453898355363275
"224","Kirchneriella_subcapitata",500,25,"1.2",0.410238018364709
"225","Kirchneriella_subcapitata",500,30,"2.1",0.536108226181711
"226","Kirchneriella_subcapitata",500,30,"2.2",0.488725581521804
"227","Kirchneriella_subcapitata",500,35,"2.1",0.0742427287817511
"228","Kirchneriella_subcapitata",500,35,"2.2",-0.161979033281086
"229","Kirchneriella_subcapitata",1000,15,"2.1",0.153794557369573
"230","Kirchneriella_subcapitata",1000,15,"2.2",0.170600959153667
"231","Kirchneriella_subcapitata",1000,20,"1.1",0.253712781609113
"232","Kirchneriella_subcapitata",1000,20,"1.2",0.293949971041961
"233","Kirchneriella_subcapitata",1000,20,"2.4",0.624734080292971
"234","Kirchneriella_subcapitata",1000,20,"2.3",0.563796342736503
"235","Kirchneriella_subcapitata",1000,25,"1.1",0.5599656637177
"236","Kirchneriella_subcapitata",1000,25,"1.2",0.766070574582413
"237","Kirchneriella_subcapitata",1000,30,"2.1",0.11622809023285
"238","Kirchneriella_subcapitata",1000,30,"2.2",-0.109876072277015
"239","Kirchneriella_subcapitata",1000,35,"2.1",0.156545499789062
"240","Kirchneriella_subcapitata",1000,35,"2.2",0.0897950928891916
"241","Microcystis_aeruginosa",1,15,"2.1",0.3882512519299
"242","Microcystis_aeruginosa",1,15,"2.2",0.157389976924029
"243","Microcystis_aeruginosa",1,20,"1.1",-0.0741239597229525
"244","Microcystis_aeruginosa",1,20,"1.2",0.0539123714195236
"245","Microcystis_aeruginosa",1,20,"2.4",NA
"246","Microcystis_aeruginosa",1,20,"2.3",0.371015849271994
"247","Microcystis_aeruginosa",1,25,"1.1",-0.0501459336620293
"248","Microcystis_aeruginosa",1,25,"1.2",-0.0108665651815418
"249","Microcystis_aeruginosa",1,30,"2.1",0.0512879784688221
"250","Microcystis_aeruginosa",1,30,"2.2",-0.190318533687837
"251","Microcystis_aeruginosa",1,35,"2.1",NA
"252","Microcystis_aeruginosa",1,35,"2.2",NA
"253","Microcystis_aeruginosa",2,15,"2.1",0.407771498627451
"254","Microcystis_aeruginosa",2,15,"2.2",0.391146258070447
"255","Microcystis_aeruginosa",2,20,"1.1",-0.0753681896696035
"256","Microcystis_aeruginosa",2,20,"1.2",-0.0763902505735202
"257","Microcystis_aeruginosa",2,20,"2.4",0.0151162849301096
"258","Microcystis_aeruginosa",2,20,"2.3",NA
"259","Microcystis_aeruginosa",2,25,"1.1",-0.103357893203937
"260","Microcystis_aeruginosa",2,25,"1.2",0.0379853992223057
"261","Microcystis_aeruginosa",2,30,"2.1",0.23187270917356
"262","Microcystis_aeruginosa",2,30,"2.2",-0.0332647423271123
"263","Microcystis_aeruginosa",2,35,"2.1",-0.0647674799173493
"264","Microcystis_aeruginosa",2,35,"2.2",0.380601055304885
"265","Microcystis_aeruginosa",4,15,"2.1",NA
"266","Microcystis_aeruginosa",4,15,"2.2",0.305846815065785
"267","Microcystis_aeruginosa",4,20,"1.1",0.177775575563113
"268","Microcystis_aeruginosa",4,20,"1.2",0.166234319214362
"269","Microcystis_aeruginosa",4,20,"2.4",0.00439711991318988
"270","Microcystis_aeruginosa",4,20,"2.3",-0.115656215036557
"271","Microcystis_aeruginosa",4,25,"1.1",-0.0732885976951948
"272","Microcystis_aeruginosa",4,25,"1.2",-0.0596546618609297
"273","Microcystis_aeruginosa",4,30,"2.1",-0.117900018241056
"274","Microcystis_aeruginosa",4,30,"2.2",-0.0645140369762603
"275","Microcystis_aeruginosa",4,35,"2.1",-0.0488478687909449
"276","Microcystis_aeruginosa",4,35,"2.2",-0.215247640430216
"277","Microcystis_aeruginosa",10,15,"2.1",NA
"278","Microcystis_aeruginosa",10,15,"2.2",-0.0974929887220758
"279","Microcystis_aeruginosa",10,20,"1.1",0.083851268298153
"280","Microcystis_aeruginosa",10,20,"1.2",-0.165465263649419
"281","Microcystis_aeruginosa",10,20,"2.4",0.163662411070055
"282","Microcystis_aeruginosa",10,20,"2.3",-0.194157986035045
"283","Microcystis_aeruginosa",10,25,"1.1",0.241368491904502
"284","Microcystis_aeruginosa",10,25,"1.2",-0.0479380014023702
"285","Microcystis_aeruginosa",10,30,"2.1",NA
"286","Microcystis_aeruginosa",10,30,"2.2",NA
"287","Microcystis_aeruginosa",10,35,"2.1",-0.0817476567029646
"288","Microcystis_aeruginosa",10,35,"2.2",NA
"289","Microcystis_aeruginosa",20,15,"2.1",-0.310658339976568
"290","Microcystis_aeruginosa",20,15,"2.2",0.121211242642656
"291","Microcystis_aeruginosa",20,20,"1.1",0.101671906608086
"292","Microcystis_aeruginosa",20,20,"1.2",0.107524279493051
"293","Microcystis_aeruginosa",20,20,"2.4",0.0976446266436937
"294","Microcystis_aeruginosa",20,20,"2.3",-0.153457930169967
"295","Microcystis_aeruginosa",20,25,"1.1",-0.116577828758804
"296","Microcystis_aeruginosa",20,25,"1.2",0.0718020570645115
"297","Microcystis_aeruginosa",20,30,"2.1",NA
"298","Microcystis_aeruginosa",20,30,"2.2",-0.230527992923797
"299","Microcystis_aeruginosa",20,35,"2.1",0.0499800743962947
"300","Microcystis_aeruginosa",20,35,"2.2",0.322207805245185
"301","Microcystis_aeruginosa",40,15,"2.1",0.307128527428835
"302","Microcystis_aeruginosa",40,15,"2.2",-0.055484016768993
"303","Microcystis_aeruginosa",40,20,"1.1",-0.0871769270036974
"304","Microcystis_aeruginosa",40,20,"1.2",0.0486482779384398
"305","Microcystis_aeruginosa",40,20,"2.4",-0.0428894644059613
"306","Microcystis_aeruginosa",40,20,"2.3",0.107473049585748
"307","Microcystis_aeruginosa",40,25,"1.1",0.213897600396486
"308","Microcystis_aeruginosa",40,25,"1.2",NA
"309","Microcystis_aeruginosa",40,30,"2.1",0.135436683649548
"310","Microcystis_aeruginosa",40,30,"2.2",-0.0172161213013572
"311","Microcystis_aeruginosa",40,35,"2.1",0.145316706693815
"312","Microcystis_aeruginosa",40,35,"2.2",-0.130012497824253
"313","Microcystis_aeruginosa",60,15,"2.1",0.00239475492800308
"314","Microcystis_aeruginosa",60,15,"2.2",-0.00344879986494627
"315","Microcystis_aeruginosa",60,20,"1.1",-0.109019128288681
"316","Microcystis_aeruginosa",60,20,"1.2",0.0279374656293813
"317","Microcystis_aeruginosa",60,20,"2.4",0.212860400398857
"318","Microcystis_aeruginosa",60,20,"2.3",NA
"319","Microcystis_aeruginosa",60,25,"1.1",-0.0125181413706392
"320","Microcystis_aeruginosa",60,25,"1.2",-0.0504125239286013
"321","Microcystis_aeruginosa",60,30,"2.1",0.0378729766018281
"322","Microcystis_aeruginosa",60,30,"2.2",0.114721512549318
"323","Microcystis_aeruginosa",60,35,"2.1",NA
"324","Microcystis_aeruginosa",60,35,"2.2",0.115617786998483
"325","Microcystis_aeruginosa",200,15,"2.1",0.0316879523694385
"326","Microcystis_aeruginosa",200,15,"2.2",-0.0499899355334429
"327","Microcystis_aeruginosa",200,20,"1.1",0.0349895576276028
"328","Microcystis_aeruginosa",200,20,"1.2",0.0779364346723114
"329","Microcystis_aeruginosa",200,20,"2.4",-0.0380269090996544
"330","Microcystis_aeruginosa",200,20,"2.3",-0.00439826859376058
"331","Microcystis_aeruginosa",200,25,"1.1",-0.0908159154649996
"332","Microcystis_aeruginosa",200,25,"1.2",-0.0442488400712595
"333","Microcystis_aeruginosa",200,30,"2.1",-0.113762030546449
"334","Microcystis_aeruginosa",200,30,"2.2",-0.106040185279262
"335","Microcystis_aeruginosa",200,35,"2.1",0.0587921626121081
"336","Microcystis_aeruginosa",200,35,"2.2",-0.0446438155174143
"337","Microcystis_aeruginosa",500,15,"2.1",0.117089124556204
"338","Microcystis_aeruginosa",500,15,"2.2",-0.0282815425957268
"339","Microcystis_aeruginosa",500,20,"1.1",-1.30703839097284e-09
"340","Microcystis_aeruginosa",500,20,"1.2",0.0105264815237749
"341","Microcystis_aeruginosa",500,20,"2.4",0.314194352574219
"342","Microcystis_aeruginosa",500,20,"2.3",0.21338213640251
"343","Microcystis_aeruginosa",500,25,"1.1",0.102361071061619
"344","Microcystis_aeruginosa",500,25,"1.2",-0.0168444872058213
"345","Microcystis_aeruginosa",500,30,"2.1",-0.0628592790390176
"346","Microcystis_aeruginosa",500,30,"2.2",0.305846895282135
"347","Microcystis_aeruginosa",500,35,"2.1",-0.226193359849994
"348","Microcystis_aeruginosa",500,35,"2.2",-0.197669423913483
"349","Microcystis_aeruginosa",1000,15,"2.1",-0.239198244289081
"350","Microcystis_aeruginosa",1000,15,"2.2",-0.0895379511752991
"351","Microcystis_aeruginosa",1000,20,"1.1",0.161429438337463
"352","Microcystis_aeruginosa",1000,20,"1.2",0.10773620781115
"353","Microcystis_aeruginosa",1000,20,"2.4",0.256197384294602
"354","Microcystis_aeruginosa",1000,20,"2.3",0.36938353660671
"355","Microcystis_aeruginosa",1000,25,"1.1",0.294921004710227
"356","Microcystis_aeruginosa",1000,25,"1.2",0.309016591132288
"357","Microcystis_aeruginosa",1000,30,"2.1",0.348666892177308
"358","Microcystis_aeruginosa",1000,30,"2.2",0.281467178509472
"359","Microcystis_aeruginosa",1000,35,"2.1",0.00725374452007093
"360","Microcystis_aeruginosa",1000,35,"2.2",0.113980582077564
"361","Pediastrum_boryanum",1,15,"2.1",0.151489328080423
"362","Pediastrum_boryanum",1,15,"2.2",0.17553184214634
"363","Pediastrum_boryanum",1,20,"1.1",0.24676365544865
"364","Pediastrum_boryanum",1,20,"1.2",0.336973191977865
"365","Pediastrum_boryanum",1,20,"2.3",0.367922564997547
"366","Pediastrum_boryanum",1,20,"2.4",0.52206832625074
"367","Pediastrum_boryanum",1,25,"1.1",0.620966613660849
"368","Pediastrum_boryanum",1,25,"1.2",0.867603300933385
"369","Pediastrum_boryanum",1,30,"2.1",0.0423246888818028
"370","Pediastrum_boryanum",1,30,"2.2",0.316488690700006
"371","Pediastrum_boryanum",1,35,"2.1",0.0175934669753663
"372","Pediastrum_boryanum",1,35,"2.2",0.392065749454828
"373","Pediastrum_boryanum",2,15,"2.1",0.164208297430667
"374","Pediastrum_boryanum",2,15,"2.2",0.373641538062138
"375","Pediastrum_boryanum",2,20,"1.1",0.32178049605793
"376","Pediastrum_boryanum",2,20,"1.2",0.185892364071306
"377","Pediastrum_boryanum",2,20,"2.3",0.307455933677781
"378","Pediastrum_boryanum",2,20,"2.4",0.450137750583711
"379","Pediastrum_boryanum",2,25,"1.1",0.34020843828267
"380","Pediastrum_boryanum",2,25,"1.2",0.00710883552509735
"381","Pediastrum_boryanum",2,30,"2.1",0.0244309593125474
"382","Pediastrum_boryanum",2,30,"2.2",0.337474850219972
"383","Pediastrum_boryanum",2,35,"2.1",0.115354575652207
"384","Pediastrum_boryanum",2,35,"2.2",0.353281600623042
"385","Pediastrum_boryanum",4,15,"2.1",0.0607194504882172
"386","Pediastrum_boryanum",4,15,"2.2",0.258394152021256
"387","Pediastrum_boryanum",4,20,"1.1",0.24062259168558
"388","Pediastrum_boryanum",4,20,"1.2",0.355043350909339
"389","Pediastrum_boryanum",4,20,"2.3",0.488299083743937
"390","Pediastrum_boryanum",4,20,"2.4",0.524957289762175
"391","Pediastrum_boryanum",4,25,"1.1",0.234846710265336
"392","Pediastrum_boryanum",4,25,"1.2",0.233996873651642
"393","Pediastrum_boryanum",4,30,"2.1",-0.0535408826890848
"394","Pediastrum_boryanum",4,30,"2.2",0.291897123428031
"395","Pediastrum_boryanum",4,35,"2.1",-0.0490223068929014
"396","Pediastrum_boryanum",4,35,"2.2",0.393563840598097
"397","Pediastrum_boryanum",10,15,"2.1",0.0991042005234219
"398","Pediastrum_boryanum",10,15,"2.2",0.194123643322439
"399","Pediastrum_boryanum",10,20,"1.1",0.189715861261235
"400","Pediastrum_boryanum",10,20,"1.2",0.353502007551181
"401","Pediastrum_boryanum",10,20,"2.3",0.48316660762835
"402","Pediastrum_boryanum",10,20,"2.4",0.427641025483493
"403","Pediastrum_boryanum",10,25,"1.1",0.257891234039384
"404","Pediastrum_boryanum",10,25,"1.2",0.485956535093491
"405","Pediastrum_boryanum",10,30,"2.1",0.315868775248203
"406","Pediastrum_boryanum",10,30,"2.2",0.218371747744852
"407","Pediastrum_boryanum",10,35,"2.1",NA
"408","Pediastrum_boryanum",10,35,"2.2",NA
"409","Pediastrum_boryanum",20,15,"2.1",0.107783444414508
"410","Pediastrum_boryanum",20,15,"2.2",0.0236850281467977
"411","Pediastrum_boryanum",20,20,"1.1",0.210098358542409
"412","Pediastrum_boryanum",20,20,"1.2",0.291966442371812
"413","Pediastrum_boryanum",20,20,"2.3",0.049048639925263
"414","Pediastrum_boryanum",20,20,"2.4",0.278221139581624
"415","Pediastrum_boryanum",20,25,"1.1",0.0550331097117877
"416","Pediastrum_boryanum",20,25,"1.2",-0.142391161379304
"417","Pediastrum_boryanum",20,30,"2.1",0.210190252787831
"418","Pediastrum_boryanum",20,30,"2.2",0.281149154227937
"419","Pediastrum_boryanum",20,35,"2.1",-0.0918585361456773
"420","Pediastrum_boryanum",20,35,"2.2",NA
"421","Pediastrum_boryanum",40,15,"2.1",-0.0548726308723815
"422","Pediastrum_boryanum",40,15,"2.2",0.217046226136521
"423","Pediastrum_boryanum",40,20,"1.1",0.241110260583665
"424","Pediastrum_boryanum",40,20,"1.2",0.517755897994581
"425","Pediastrum_boryanum",40,20,"2.3",0.341674344182112
"426","Pediastrum_boryanum",40,20,"2.4",0.623385950134027
"427","Pediastrum_boryanum",40,25,"1.1",0.161237887274363
"428","Pediastrum_boryanum",40,25,"1.2",0.571294851318064
"429","Pediastrum_boryanum",40,30,"2.1",0.46951392517909
"430","Pediastrum_boryanum",40,30,"2.2",0.414695360383679
"431","Pediastrum_boryanum",40,35,"2.1",-0.164264304743295
"432","Pediastrum_boryanum",40,35,"2.2",-0.136713017106096
"433","Pediastrum_boryanum",60,15,"2.1",0.0379214449758871
"434","Pediastrum_boryanum",60,15,"2.2",NA
"435","Pediastrum_boryanum",60,20,"1.1",0.440437746252673
"436","Pediastrum_boryanum",60,20,"1.2",0.321112977433768
"437","Pediastrum_boryanum",60,20,"2.3",0.328260651981589
"438","Pediastrum_boryanum",60,20,"2.4",0.150898715665483
"439","Pediastrum_boryanum",60,25,"1.1",0.216613664384636
"440","Pediastrum_boryanum",60,25,"1.2",0.433116799171146
"441","Pediastrum_boryanum",60,30,"2.1",0.147068334561964
"442","Pediastrum_boryanum",60,30,"2.2",0.298539198318462
"443","Pediastrum_boryanum",60,35,"2.1",-0.0428524344686461
"444","Pediastrum_boryanum",60,35,"2.2",0.0250831965016502
"445","Pediastrum_boryanum",200,15,"2.1",0.106054656463499
"446","Pediastrum_boryanum",200,15,"2.2",0.0963662874581891
"447","Pediastrum_boryanum",200,20,"1.1",0.191142668766544
"448","Pediastrum_boryanum",200,20,"1.2",0.125519796784165
"449","Pediastrum_boryanum",200,20,"2.3",0.340904601868452
"450","Pediastrum_boryanum",200,20,"2.4",0.214730717317443
"451","Pediastrum_boryanum",200,25,"1.1",0.185492507404345
"452","Pediastrum_boryanum",200,25,"1.2",0.298318646110583
"453","Pediastrum_boryanum",200,30,"2.1",0.484131637867044
"454","Pediastrum_boryanum",200,30,"2.2",0.139611698785087
"455","Pediastrum_boryanum",200,35,"2.1",-0.0478770176373422
"456","Pediastrum_boryanum",200,35,"2.2",0.12785906122265
"457","Pediastrum_boryanum",500,15,"2.1",-0.015787037626272
"458","Pediastrum_boryanum",500,15,"2.2",0.216822067074666
"459","Pediastrum_boryanum",500,20,"1.1",0.264766527211638
"460","Pediastrum_boryanum",500,20,"1.2",0.318686888224078
"461","Pediastrum_boryanum",500,20,"2.3",0.357512310403028
"462","Pediastrum_boryanum",500,20,"2.4",0.342957281671441
"463","Pediastrum_boryanum",500,25,"1.1",0.330180587653518
"464","Pediastrum_boryanum",500,25,"1.2",0.507240908941081
"465","Pediastrum_boryanum",500,30,"2.1",0.299061517417837
"466","Pediastrum_boryanum",500,30,"2.2",0.179746258891324
"467","Pediastrum_boryanum",500,35,"2.1",NA
"468","Pediastrum_boryanum",500,35,"2.2",-0.0262567696601588
"469","Pediastrum_boryanum",1000,15,"2.1",0.300343840896825
"470","Pediastrum_boryanum",1000,15,"2.2",0.300645080378346
"471","Pediastrum_boryanum",1000,20,"1.1",0.413136177167831
"472","Pediastrum_boryanum",1000,20,"1.2",0.415556238687159
"473","Pediastrum_boryanum",1000,20,"2.3",0.455365103508469
"474","Pediastrum_boryanum",1000,20,"2.4",0.439860206813622
"475","Pediastrum_boryanum",1000,25,"1.1",0.514706807457059
"476","Pediastrum_boryanum",1000,25,"1.2",0.362318952548039
"477","Pediastrum_boryanum",1000,30,"2.1",0.548789891480136
"478","Pediastrum_boryanum",1000,30,"2.2",0.46591728971308
"479","Pediastrum_boryanum",1000,35,"2.1",-0.0335573190323787
"480","Pediastrum_boryanum",1000,35,"2.2",0.221877544158584
"481","Cyclotella_meneghiniana",1,15,"2.1",-0.0835776002419814
"482","Cyclotella_meneghiniana",1,15,"2.2",0.181355422103193
"483","Cyclotella_meneghiniana",1,20,"1.1",0.0821396928832625
"484","Cyclotella_meneghiniana",1,20,"1.2",0.175561438997812
"485","Cyclotella_meneghiniana",1,20,"2.3",0.410180105721421
"486","Cyclotella_meneghiniana",1,20,"2.4",0.902514943162092
"487","Cyclotella_meneghiniana",1,25,"1.1",0.780482380552994
"488","Cyclotella_meneghiniana",1,25,"1.2",0.923516938753531
"489","Cyclotella_meneghiniana",1,30,"2.1",0.216459337455958
"490","Cyclotella_meneghiniana",1,30,"2.2",0.267361866744884
"491","Cyclotella_meneghiniana",1,35,"2.1",NA
"492","Cyclotella_meneghiniana",1,35,"2.2",-0.135158706970997
"493","Cyclotella_meneghiniana",2,15,"2.1",0.384147828275021
"494","Cyclotella_meneghiniana",2,15,"2.2",0.04572112464113
"495","Cyclotella_meneghiniana",2,20,"1.1",0.468295713663
"496","Cyclotella_meneghiniana",2,20,"1.2",0.529193413750935
"497","Cyclotella_meneghiniana",2,20,"2.3",0.398845641752636
"498","Cyclotella_meneghiniana",2,20,"2.4",0.315377417272327
"499","Cyclotella_meneghiniana",2,25,"1.1",0.411653824735398
"500","Cyclotella_meneghiniana",2,25,"1.2",0.499444960251963
"501","Cyclotella_meneghiniana",2,30,"2.1",-0.0314768921920084
"502","Cyclotella_meneghiniana",2,30,"2.2",0.7019766619205
"503","Cyclotella_meneghiniana",2,35,"2.1",0.353281601319495
"504","Cyclotella_meneghiniana",2,35,"2.2",0.0298204330318051
"505","Cyclotella_meneghiniana",4,15,"2.1",0.0397608692123405
"506","Cyclotella_meneghiniana",4,15,"2.2",3.01439399418187e-09
"507","Cyclotella_meneghiniana",4,20,"1.1",0.164963550814306
"508","Cyclotella_meneghiniana",4,20,"1.2",0.269027797527057
"509","Cyclotella_meneghiniana",4,20,"2.3",0.0862351681026781
"510","Cyclotella_meneghiniana",4,20,"2.4",0.381988982753879
"511","Cyclotella_meneghiniana",4,25,"1.1",0.140356196269483
"512","Cyclotella_meneghiniana",4,25,"1.2",0.0428004340544337
"513","Cyclotella_meneghiniana",4,30,"2.1",-0.135552160362345
"514","Cyclotella_meneghiniana",4,30,"2.2",0.613989059153383
"515","Cyclotella_meneghiniana",4,35,"2.1",-0.095886184900445
"516","Cyclotella_meneghiniana",4,35,"2.2",-0.154965403722479
"517","Cyclotella_meneghiniana",10,15,"2.1",0.32276853346408
"518","Cyclotella_meneghiniana",10,15,"2.2",0.23698854950649
"519","Cyclotella_meneghiniana",10,20,"1.1",0.18678198373477
"520","Cyclotella_meneghiniana",10,20,"1.2",0.156961761788015
"521","Cyclotella_meneghiniana",10,20,"2.3",0.636691965097643
"522","Cyclotella_meneghiniana",10,20,"2.4",-0.202980700568109
"523","Cyclotella_meneghiniana",10,25,"1.1",-0.00253094291076714
"524","Cyclotella_meneghiniana",10,25,"1.2",0.181240810444073
"525","Cyclotella_meneghiniana",10,30,"2.1",0.0638923676173333
"526","Cyclotella_meneghiniana",10,30,"2.2",0.184893368077481
"527","Cyclotella_meneghiniana",10,35,"2.1",NA
"528","Cyclotella_meneghiniana",10,35,"2.2",-0.184152587815588
"529","Cyclotella_meneghiniana",20,15,"2.1",0.24140710513937
"530","Cyclotella_meneghiniana",20,15,"2.2",0.326141502965138
"531","Cyclotella_meneghiniana",20,20,"1.1",0.307595521581259
"532","Cyclotella_meneghiniana",20,20,"1.2",0.258790708629273
"533","Cyclotella_meneghiniana",20,20,"2.3",0.29635946755063
"534","Cyclotella_meneghiniana",20,20,"2.4",0.354246929868831
"535","Cyclotella_meneghiniana",20,25,"1.1",0.130487230333038
"536","Cyclotella_meneghiniana",20,25,"1.2",0.257953699244725
"537","Cyclotella_meneghiniana",20,30,"2.1",0.261775735642993
"538","Cyclotella_meneghiniana",20,30,"2.2",NA
"539","Cyclotella_meneghiniana",20,35,"2.1",0.02167749529115
"540","Cyclotella_meneghiniana",20,35,"2.2",-0.0972864763703621
"541","Cyclotella_meneghiniana",40,15,"2.1",-0.0133103237723831
"542","Cyclotella_meneghiniana",40,15,"2.2",-0.0550319294479673
"543","Cyclotella_meneghiniana",40,20,"1.1",0.340135636652164
"544","Cyclotella_meneghiniana",40,20,"1.2",0.152662414018468
"545","Cyclotella_meneghiniana",40,20,"2.3",0.128387418257953
"546","Cyclotella_meneghiniana",40,20,"2.4",0.358373107440335
"547","Cyclotella_meneghiniana",40,25,"1.1",-0.152908965361606
"548","Cyclotella_meneghiniana",40,25,"1.2",0.198898302941826
"549","Cyclotella_meneghiniana",40,30,"2.1",0.182558311104961
"550","Cyclotella_meneghiniana",40,30,"2.2",0.247458499826773
"551","Cyclotella_meneghiniana",40,35,"2.1",0.0656030529518319
"552","Cyclotella_meneghiniana",40,35,"2.2",0.179525972627189
"553","Cyclotella_meneghiniana",60,15,"2.1",0.00621400884771394
"554","Cyclotella_meneghiniana",60,15,"2.2",-0.0277653728146555
"555","Cyclotella_meneghiniana",60,20,"1.1",0.0592111541523331
"556","Cyclotella_meneghiniana",60,20,"1.2",0.27880896114528
"557","Cyclotella_meneghiniana",60,20,"2.3",0.0164426220228209
"558","Cyclotella_meneghiniana",60,20,"2.4",-0.0247121264746524
"559","Cyclotella_meneghiniana",60,25,"1.1",0.0379956197056573
"560","Cyclotella_meneghiniana",60,25,"1.2",0.295065921350404
"561","Cyclotella_meneghiniana",60,30,"2.1",0.490295420277338
"562","Cyclotella_meneghiniana",60,30,"2.2",0.105496496216357
"563","Cyclotella_meneghiniana",60,35,"2.1",NA
"564","Cyclotella_meneghiniana",60,35,"2.2",0.370121350383421
"565","Cyclotella_meneghiniana",200,15,"2.1",0.292585091529775
"566","Cyclotella_meneghiniana",200,15,"2.2",0.676971667736154
"567","Cyclotella_meneghiniana",200,20,"1.1",-0.0946411119184606
"568","Cyclotella_meneghiniana",200,20,"1.2",0.132701009984354
"569","Cyclotella_meneghiniana",200,20,"2.3",0.175734777369034
"570","Cyclotella_meneghiniana",200,20,"2.4",0.459115135895951
"571","Cyclotella_meneghiniana",200,25,"1.1",0.164984043203592
"572","Cyclotella_meneghiniana",200,25,"1.2",0.173313557253697
"573","Cyclotella_meneghiniana",200,30,"2.1",0.217913616777772
"574","Cyclotella_meneghiniana",200,30,"2.2",-0.0844787590643566
"575","Cyclotella_meneghiniana",200,35,"2.1",0.370334135342615
"576","Cyclotella_meneghiniana",200,35,"2.2",0.520337213395604
"577","Cyclotella_meneghiniana",500,15,"2.1",0.0981629551213826
"578","Cyclotella_meneghiniana",500,15,"2.2",0.114983852358915
"579","Cyclotella_meneghiniana",500,20,"1.1",-0.0645144733518771
"580","Cyclotella_meneghiniana",500,20,"1.2",0.157419435585194
"581","Cyclotella_meneghiniana",500,20,"2.3",0.152257409135596
"582","Cyclotella_meneghiniana",500,20,"2.4",0.216466691794181
"583","Cyclotella_meneghiniana",500,25,"1.1",0.440312200525752
"584","Cyclotella_meneghiniana",500,25,"1.2",0.606076444812692
"585","Cyclotella_meneghiniana",500,30,"2.1",0.134688480865981
"586","Cyclotella_meneghiniana",500,30,"2.2",-0.0293529554265718
"587","Cyclotella_meneghiniana",500,35,"2.1",0.347010700871402
"588","Cyclotella_meneghiniana",500,35,"2.2",-0.137476768146982
"589","Cyclotella_meneghiniana",1000,15,"2.1",0.608084941997042
"590","Cyclotella_meneghiniana",1000,15,"2.2",0.819577133972125
"591","Cyclotella_meneghiniana",1000,20,"1.1",0.176796614240423
"592","Cyclotella_meneghiniana",1000,20,"1.2",0.241862857049101
"593","Cyclotella_meneghiniana",1000,20,"2.3",NA
"594","Cyclotella_meneghiniana",1000,20,"2.4",0.677829295298077
"595","Cyclotella_meneghiniana",1000,25,"1.1",0.631810636443443
"596","Cyclotella_meneghiniana",1000,25,"1.2",0.372319407141834
"597","Cyclotella_meneghiniana",1000,30,"2.1",1.76933815215503
"598","Cyclotella_meneghiniana",1000,30,"2.2",1.5079531870187
"599","Cyclotella_meneghiniana",1000,35,"2.1",-0.197397490902207
"600","Cyclotella_meneghiniana",1000,35,"2.2",-0.00950312704356703
"601","Scenedesmus_acuminatus",1,15,"2.1",0.473051666069618
"602","Scenedesmus_acuminatus",1,15,"2.2",0.544014281987293
"603","Scenedesmus_acuminatus",1,20,"1.1",0.650562374620441
"604","Scenedesmus_acuminatus",1,20,"1.2",0.440783432867028
"605","Scenedesmus_acuminatus",1,20,"2.3",0.431011343337015
"606","Scenedesmus_acuminatus",1,20,"2.4",0.723711752502744
"607","Scenedesmus_acuminatus",1,25,"1.1",0.79828839602423
"608","Scenedesmus_acuminatus",1,25,"1.2",0.508092286131601
"609","Scenedesmus_acuminatus",1,30,"2.1",0.830256587666166
"610","Scenedesmus_acuminatus",1,30,"2.2",0.769298866533774
"611","Scenedesmus_acuminatus",1,35,"2.1",NA
"612","Scenedesmus_acuminatus",1,35,"2.2",-0.0998146621416716
"613","Scenedesmus_acuminatus",2,15,"2.1",0.508694162775544
"614","Scenedesmus_acuminatus",2,15,"2.2",0.500350126242815
"615","Scenedesmus_acuminatus",2,20,"1.1",0.498015351136785
"616","Scenedesmus_acuminatus",2,20,"1.2",0.473423170703128
"617","Scenedesmus_acuminatus",2,20,"2.3",0.602035893511743
"618","Scenedesmus_acuminatus",2,20,"2.4",0.750215030550197
"619","Scenedesmus_acuminatus",2,25,"1.1",0.596969589662461
"620","Scenedesmus_acuminatus",2,25,"1.2",0.627554064029404
"621","Scenedesmus_acuminatus",2,30,"2.1",0.724354426507674
"622","Scenedesmus_acuminatus",2,30,"2.2",0.558509697183181
"623","Scenedesmus_acuminatus",2,35,"2.1",0.657333870114296
"624","Scenedesmus_acuminatus",2,35,"2.2",0.180337688866315
"625","Scenedesmus_acuminatus",4,15,"2.1",0.398327221965897
"626","Scenedesmus_acuminatus",4,15,"2.2",0.481765890985326
"627","Scenedesmus_acuminatus",4,20,"1.1",0.455519026643867
"628","Scenedesmus_acuminatus",4,20,"1.2",0.415676343815671
"629","Scenedesmus_acuminatus",4,20,"2.3",0.751042509983214
"630","Scenedesmus_acuminatus",4,20,"2.4",0.541172137956984
"631","Scenedesmus_acuminatus",4,25,"1.1",0.587557237561813
"632","Scenedesmus_acuminatus",4,25,"1.2",0.603678893978739
"633","Scenedesmus_acuminatus",4,30,"2.1",0.850358866718432
"634","Scenedesmus_acuminatus",4,30,"2.2",0.699202835956182
"635","Scenedesmus_acuminatus",4,35,"2.1",-0.233472486312101
"636","Scenedesmus_acuminatus",4,35,"2.2",0.0283790712343635
"637","Scenedesmus_acuminatus",10,15,"2.1",0.572606979724378
"638","Scenedesmus_acuminatus",10,15,"2.2",0.53007524843529
"639","Scenedesmus_acuminatus",10,20,"1.1",0.405435235330195
"640","Scenedesmus_acuminatus",10,20,"1.2",0.508118913232708
"641","Scenedesmus_acuminatus",10,20,"2.3",0.620488215053326
"642","Scenedesmus_acuminatus",10,20,"2.4",0.849405785505399
"643","Scenedesmus_acuminatus",10,25,"1.1",0.581739567529106
"644","Scenedesmus_acuminatus",10,25,"1.2",0.634617194327989
"645","Scenedesmus_acuminatus",10,30,"2.1",0.669724388160166
"646","Scenedesmus_acuminatus",10,30,"2.2",0.582512397857377
"647","Scenedesmus_acuminatus",10,35,"2.1",NA
"648","Scenedesmus_acuminatus",10,35,"2.2",NA
"649","Scenedesmus_acuminatus",20,15,"2.1",0.525804157836035
"650","Scenedesmus_acuminatus",20,15,"2.2",0.4830273074886
"651","Scenedesmus_acuminatus",20,20,"1.1",0.455300909320963
"652","Scenedesmus_acuminatus",20,20,"1.2",0.428311032375586
"653","Scenedesmus_acuminatus",20,20,"2.3",0.659346033223927
"654","Scenedesmus_acuminatus",20,20,"2.4",0.555181505320263
"655","Scenedesmus_acuminatus",20,25,"1.1",0.564826294207723
"656","Scenedesmus_acuminatus",20,25,"1.2",0.542696199599168
"657","Scenedesmus_acuminatus",20,30,"2.1",0.754911389774583
"658","Scenedesmus_acuminatus",20,30,"2.2",0.551185243485225
"659","Scenedesmus_acuminatus",20,35,"2.1",0.174661321906619
"660","Scenedesmus_acuminatus",20,35,"2.2",0.0102057198280519
"661","Scenedesmus_acuminatus",40,15,"2.1",0.422586098384541
"662","Scenedesmus_acuminatus",40,15,"2.2",0.449742713699994
"663","Scenedesmus_acuminatus",40,20,"1.1",0.515025830828239
"664","Scenedesmus_acuminatus",40,20,"1.2",0.537995273152625
"665","Scenedesmus_acuminatus",40,20,"2.3",0.513334522331321
"666","Scenedesmus_acuminatus",40,20,"2.4",0.794236575037379
"667","Scenedesmus_acuminatus",40,25,"1.1",0.597442669454025
"668","Scenedesmus_acuminatus",40,25,"1.2",0.612051815663208
"669","Scenedesmus_acuminatus",40,30,"2.1",0.773005711112413
"670","Scenedesmus_acuminatus",40,30,"2.2",0.587666604364493
"671","Scenedesmus_acuminatus",40,35,"2.1",0.114087450700947
"672","Scenedesmus_acuminatus",40,35,"2.2",0.487790190326001
"673","Scenedesmus_acuminatus",60,15,"2.1",0.459226329301218
"674","Scenedesmus_acuminatus",60,15,"2.2",0.451804590826099
"675","Scenedesmus_acuminatus",60,20,"1.1",0.446632431909068
"676","Scenedesmus_acuminatus",60,20,"1.2",0.47856257392605
"677","Scenedesmus_acuminatus",60,20,"2.3",0.504948664379728
"678","Scenedesmus_acuminatus",60,20,"2.4",0.586492501484962
"679","Scenedesmus_acuminatus",60,25,"1.1",0.502661083125317
"680","Scenedesmus_acuminatus",60,25,"1.2",0.507692958807299
"681","Scenedesmus_acuminatus",60,30,"2.1",0.67411518158623
"682","Scenedesmus_acuminatus",60,30,"2.2",0.654665678563327
"683","Scenedesmus_acuminatus",60,35,"2.1",-0.0742247814066953
"684","Scenedesmus_acuminatus",60,35,"2.2",0.184225004193607
"685","Scenedesmus_acuminatus",200,15,"2.1",0.464576674913022
"686","Scenedesmus_acuminatus",200,15,"2.2",0.449819018680802
"687","Scenedesmus_acuminatus",200,20,"1.1",0.291328826784303
"688","Scenedesmus_acuminatus",200,20,"1.2",0.353180397414844
"689","Scenedesmus_acuminatus",200,20,"2.3",0.5594758812761
"690","Scenedesmus_acuminatus",200,20,"2.4",0.47156904954163
"691","Scenedesmus_acuminatus",200,25,"1.1",0.360382193739932
"692","Scenedesmus_acuminatus",200,25,"1.2",0.392417185726149
"693","Scenedesmus_acuminatus",200,30,"2.1",0.30280593242983
"694","Scenedesmus_acuminatus",200,30,"2.2",0.274641503569045
"695","Scenedesmus_acuminatus",200,35,"2.1",-0.0555427331537073
"696","Scenedesmus_acuminatus",200,35,"2.2",-0.0625700332598795
"697","Scenedesmus_acuminatus",500,15,"2.1",0.381883042583178
"698","Scenedesmus_acuminatus",500,15,"2.2",0.397173029584014
"699","Scenedesmus_acuminatus",500,20,"1.1",0.549457535324152
"700","Scenedesmus_acuminatus",500,20,"1.2",0.580261412898452
"701","Scenedesmus_acuminatus",500,20,"2.3",0.398508971015797
"702","Scenedesmus_acuminatus",500,20,"2.4",0.562809273407947
"703","Scenedesmus_acuminatus",500,25,"1.1",0.661631187400524
"704","Scenedesmus_acuminatus",500,25,"1.2",0.688311078950163
"705","Scenedesmus_acuminatus",500,30,"2.1",0.686987232431751
"706","Scenedesmus_acuminatus",500,30,"2.2",0.646660453805952
"707","Scenedesmus_acuminatus",500,35,"2.1",0.470631406005172
"708","Scenedesmus_acuminatus",500,35,"2.2",0.0570355855925012
"709","Scenedesmus_acuminatus",1000,15,"2.1",0.296820917282515
"710","Scenedesmus_acuminatus",1000,15,"2.2",0.304381949858344
"711","Scenedesmus_acuminatus",1000,20,"1.1",0.412149899253544
"712","Scenedesmus_acuminatus",1000,20,"1.2",0.495343661018447
"713","Scenedesmus_acuminatus",1000,20,"2.3",0.622589772076324
"714","Scenedesmus_acuminatus",1000,20,"2.4",0.828314177917461
"715","Scenedesmus_acuminatus",1000,25,"1.1",0.694764726222571
"716","Scenedesmus_acuminatus",1000,25,"1.2",0.571253235112881
"717","Scenedesmus_acuminatus",1000,30,"2.1",0.596083036473786
"718","Scenedesmus_acuminatus",1000,30,"2.2",0.41486571902438
"719","Scenedesmus_acuminatus",1000,35,"2.1",-0.0593585609881773
"720","Scenedesmus_acuminatus",1000,35,"2.2",0.673677294601139
"721","Chlamydomonas_reinhardtii",1,20,"2.1",0.613616004743003
"722","Chlamydomonas_reinhardtii",2,20,"2.1",0.468042786142521
"723","Chlamydomonas_reinhardtii",4,20,"2.1",0.693561320839772
"724","Chlamydomonas_reinhardtii",10,20,"2.1",0.640681208637005
"725","Chlamydomonas_reinhardtii",20,20,"2.1",0.456213250613186
"726","Chlamydomonas_reinhardtii",40,20,"2.1",0.807400353442301
"727","Chlamydomonas_reinhardtii",60,20,"2.1",0.641044026731798
"728","Chlamydomonas_reinhardtii",200,20,"2.1",0.793187659961581
"729","Chlamydomonas_reinhardtii",500,20,"2.1",0.940551118221834
"730","Chlamydomonas_reinhardtii",1000,20,"2.1",-0.238462407536182
"731","Chlamydomonas_reinhardtii",1000,20,"1.1",0.94693179942055
"732","Chlamydomonas_reinhardtii",1000,20,"3.1",1.24885276504339
"733","Chlamydomonas_reinhardtii",1000,20,"3.2",1.10185992025902
"734","Chlamydomonas_reinhardtii",1000,20,"3.3",1.04941194198441
